Class,CBO,LOC,OCavg,RFC,WMC
2.0.27-org.apache.pdfbox.contentstream.PDContentStream,0,0,0,4,0
2.0.27-org.apache.pdfbox.contentstream.PDFGraphicsStreamEngine,74,205,1,16,2
2.0.27-org.apache.pdfbox.contentstream.PDFStreamEngine,112,"1,035",1.6,172,93
2.0.27-org.apache.pdfbox.contentstream.operator.DrawObject,14,59,4,15,8
2.0.27-org.apache.pdfbox.contentstream.operator.MissingOperandException,33,10,1,3,1
2.0.27-org.apache.pdfbox.contentstream.operator.Operator,84,115,1.5,14,12
2.0.27-org.apache.pdfbox.contentstream.operator.OperatorName,88,90,1,1,1
2.0.27-org.apache.pdfbox.contentstream.operator.OperatorProcessor,53,61,1.5,7,6
2.0.27-org.apache.pdfbox.contentstream.operator.color.SetColor,17,42,4,11,4
2.0.27-org.apache.pdfbox.contentstream.operator.color.SetNonStrokingColor,14,40,1,8,4
2.0.27-org.apache.pdfbox.contentstream.operator.color.SetNonStrokingColorN,5,14,1,1,1
2.0.27-org.apache.pdfbox.contentstream.operator.color.SetNonStrokingColorSpace,12,30,2,10,4
2.0.27-org.apache.pdfbox.contentstream.operator.color.SetNonStrokingDeviceCMYKColor,14,21,1,7,2
2.0.27-org.apache.pdfbox.contentstream.operator.color.SetNonStrokingDeviceGrayColor,14,21,1,7,2
2.0.27-org.apache.pdfbox.contentstream.operator.color.SetNonStrokingDeviceRGBColor,14,21,1,7,2
2.0.27-org.apache.pdfbox.contentstream.operator.color.SetStrokingColor,14,40,1,8,4
2.0.27-org.apache.pdfbox.contentstream.operator.color.SetStrokingColorN,5,14,1,1,1
2.0.27-org.apache.pdfbox.contentstream.operator.color.SetStrokingColorSpace,12,30,2,10,4
2.0.27-org.apache.pdfbox.contentstream.operator.color.SetStrokingDeviceCMYKColor,14,20,1,7,2
2.0.27-org.apache.pdfbox.contentstream.operator.color.SetStrokingDeviceGrayColor,14,20,1,7,2
2.0.27-org.apache.pdfbox.contentstream.operator.color.SetStrokingDeviceRGBColor,14,27,1,7,2
2.0.27-org.apache.pdfbox.contentstream.operator.graphics.AppendRectangleToPath,9,39,2,9,4
2.0.27-org.apache.pdfbox.contentstream.operator.graphics.BeginInlineImage,9,25,1.5,7,3
2.0.27-org.apache.pdfbox.contentstream.operator.graphics.ClipEvenOddRule,5,18,1,3,2
2.0.27-org.apache.pdfbox.contentstream.operator.graphics.ClipNonZeroRule,5,18,1,3,2
2.0.27-org.apache.pdfbox.contentstream.operator.graphics.CloseAndStrokePath,6,19,1,3,2
2.0.27-org.apache.pdfbox.contentstream.operator.graphics.CloseFillEvenOddAndStrokePath,6,18,1,3,2
2.0.27-org.apache.pdfbox.contentstream.operator.graphics.CloseFillNonZeroAndStrokePath,6,19,1,3,2
2.0.27-org.apache.pdfbox.contentstream.operator.graphics.ClosePath,5,24,1.5,6,3
2.0.27-org.apache.pdfbox.contentstream.operator.graphics.CurveTo,9,46,2.5,13,5
2.0.27-org.apache.pdfbox.contentstream.operator.graphics.CurveToReplicateFinalPoint,9,34,2,9,4
2.0.27-org.apache.pdfbox.contentstream.operator.graphics.CurveToReplicateInitialPoint,9,44,2.5,15,5
2.0.27-org.apache.pdfbox.contentstream.operator.graphics.DrawObject,14,63,4.5,17,9
2.0.27-org.apache.pdfbox.contentstream.operator.graphics.EndPath,5,18,1,3,2
2.0.27-org.apache.pdfbox.contentstream.operator.graphics.FillEvenOddAndStrokePath,5,17,1,3,2
2.0.27-org.apache.pdfbox.contentstream.operator.graphics.FillEvenOddRule,5,18,1,3,2
2.0.27-org.apache.pdfbox.contentstream.operator.graphics.FillNonZeroAndStrokePath,5,19,1,3,2
2.0.27-org.apache.pdfbox.contentstream.operator.graphics.FillNonZeroRule,6,18,1,3,2
2.0.27-org.apache.pdfbox.contentstream.operator.graphics.GraphicsOperatorProcessor,25,16,1,2,1
2.0.27-org.apache.pdfbox.contentstream.operator.graphics.LegacyFillNonZeroRule,3,13,1,1,1
2.0.27-org.apache.pdfbox.contentstream.operator.graphics.LineTo,8,45,3,12,6
2.0.27-org.apache.pdfbox.contentstream.operator.graphics.MoveTo,8,35,2.5,8,5
2.0.27-org.apache.pdfbox.contentstream.operator.graphics.ShadingFill,7,22,1.5,6,3
2.0.27-org.apache.pdfbox.contentstream.operator.graphics.StrokePath,5,18,1,3,2
2.0.27-org.apache.pdfbox.contentstream.operator.markedcontent.BeginMarkedContentSequence,8,26,2,3,4
2.0.27-org.apache.pdfbox.contentstream.operator.markedcontent.BeginMarkedContentSequenceWithProperties,9,31,2.5,3,5
2.0.27-org.apache.pdfbox.contentstream.operator.markedcontent.DrawObject,12,55,3.5,15,7
2.0.27-org.apache.pdfbox.contentstream.operator.markedcontent.EndMarkedContentSequence,7,18,1,3,2
2.0.27-org.apache.pdfbox.contentstream.operator.state.Concatenate,13,35,2,11,4
2.0.27-org.apache.pdfbox.contentstream.operator.state.EmptyGraphicsStackException,2,14,1,2,1
2.0.27-org.apache.pdfbox.contentstream.operator.state.Restore,10,26,1.5,5,3
2.0.27-org.apache.pdfbox.contentstream.operator.state.Save,9,18,1,3,2
2.0.27-org.apache.pdfbox.contentstream.operator.state.SetFlatness,9,27,2,9,4
2.0.27-org.apache.pdfbox.contentstream.operator.state.SetGraphicsStateParameters,13,36,2.5,12,5
2.0.27-org.apache.pdfbox.contentstream.operator.state.SetLineCapStyle,10,22,1.5,8,3
2.0.27-org.apache.pdfbox.contentstream.operator.state.SetLineDashPattern,10,52,4,11,8
2.0.27-org.apache.pdfbox.contentstream.operator.state.SetLineJoinStyle,10,22,1.5,8,3
2.0.27-org.apache.pdfbox.contentstream.operator.state.SetLineMiterLimit,9,22,1.5,8,3
2.0.27-org.apache.pdfbox.contentstream.operator.state.SetLineWidth,10,23,1.5,8,3
2.0.27-org.apache.pdfbox.contentstream.operator.state.SetMatrix,12,35,2,11,4
2.0.27-org.apache.pdfbox.contentstream.operator.state.SetRenderingIntent,10,28,2,9,4
2.0.27-org.apache.pdfbox.contentstream.operator.text.BeginText,9,21,1,6,2
2.0.27-org.apache.pdfbox.contentstream.operator.text.EndText,8,20,1,5,2
2.0.27-org.apache.pdfbox.contentstream.operator.text.MoveText,11,43,3,13,6
2.0.27-org.apache.pdfbox.contentstream.operator.text.MoveTextSetLeading,11,32,2,10,4
2.0.27-org.apache.pdfbox.contentstream.operator.text.NextLine,11,25,1,9,2
2.0.27-org.apache.pdfbox.contentstream.operator.text.SetCharSpacing,12,30,2,10,4
2.0.27-org.apache.pdfbox.contentstream.operator.text.SetFontAndSize,15,41,3,15,6
2.0.27-org.apache.pdfbox.contentstream.operator.text.SetTextHorizontalScaling,12,28,2,9,4
2.0.27-org.apache.pdfbox.contentstream.operator.text.SetTextLeading,12,28,2,9,4
2.0.27-org.apache.pdfbox.contentstream.operator.text.SetTextRenderingMode,14,34,2.5,11,5
2.0.27-org.apache.pdfbox.contentstream.operator.text.SetTextRise,11,28,2,8,4
2.0.27-org.apache.pdfbox.contentstream.operator.text.SetWordSpacing,11,28,2,8,4
2.0.27-org.apache.pdfbox.contentstream.operator.text.ShowText,8,35,2.5,7,5
2.0.27-org.apache.pdfbox.contentstream.operator.text.ShowTextAdjusted,8,33,2.5,6,5
2.0.27-org.apache.pdfbox.contentstream.operator.text.ShowTextLine,7,19,1,3,2
2.0.27-org.apache.pdfbox.contentstream.operator.text.ShowTextLineAndSpace,8,24,1.5,6,3
2.0.27-org.apache.pdfbox.cos.COSArray,237,519,1.68,67,67
2.0.27-org.apache.pdfbox.cos.COSBase,324,52,1,5,4
2.0.27-org.apache.pdfbox.cos.COSBoolean,24,114,1.38,12,11
2.0.27-org.apache.pdfbox.cos.COSDictionary,450,"1,467",1.53,155,158
2.0.27-org.apache.pdfbox.cos.COSDocument,75,583,1.79,81,68
2.0.27-org.apache.pdfbox.cos.COSFloat,55,195,1.69,36,22
2.0.27-org.apache.pdfbox.cos.COSInputStream,10,97,2.2,21,11
2.0.27-org.apache.pdfbox.cos.COSInteger,58,186,1.23,17,16
2.0.27-org.apache.pdfbox.cos.COSName,446,731,1.5,25,18
2.0.27-org.apache.pdfbox.cos.COSNull,22,53,1,6,4
2.0.27-org.apache.pdfbox.cos.COSNumber,90,112,6,15,12
2.0.27-org.apache.pdfbox.cos.COSObject,57,175,1.19,20,19
2.0.27-org.apache.pdfbox.cos.COSObjectKey,21,113,1.56,13,14
2.0.27-org.apache.pdfbox.cos.COSOutputStream,8,146,2.33,25,14
2.0.27-org.apache.pdfbox.cos.COSStream,116,374,1.62,54,42
2.0.27-org.apache.pdfbox.cos.COSString,71,221,1.79,40,25
2.0.27-org.apache.pdfbox.cos.COSUpdateInfo,0,0,0,2,0
2.0.27-org.apache.pdfbox.cos.ICOSVisitor,0,0,0,10,0
2.0.27-org.apache.pdfbox.cos.PDFDocEncoding,2,135,2.6,16,13
2.0.27-org.apache.pdfbox.cos.UnmodifiableCOSDictionary,1,32,1,6,3
2.0.27-org.apache.pdfbox.filter.ASCII85Filter,7,33,1,9,2
2.0.27-org.apache.pdfbox.filter.ASCII85InputStream,1,240,3.22,13,29
2.0.27-org.apache.pdfbox.filter.ASCII85OutputStream,1,207,2.67,14,24
2.0.27-org.apache.pdfbox.filter.ASCIIHexFilter,5,101,2.75,11,11
2.0.27-org.apache.pdfbox.filter.CCITTFaxDecoderStream,6,581,5,31,85
2.0.27-org.apache.pdfbox.filter.CCITTFaxDecoderStream.Node,2,22,1.67,3,5
2.0.27-org.apache.pdfbox.filter.CCITTFaxDecoderStream.Tree,2,54,6,5,12
2.0.27-org.apache.pdfbox.filter.CCITTFaxEncoderStream,5,244,3.71,18,52
2.0.27-org.apache.pdfbox.filter.CCITTFaxEncoderStream.Code,1,8,1,1,1
2.0.27-org.apache.pdfbox.filter.CCITTFaxFilter,11,122,3.5,19,14
2.0.27-org.apache.pdfbox.filter.CryptFilter,6,37,2,9,4
2.0.27-org.apache.pdfbox.filter.DCTFilter,6,333,3.9,67,39
2.0.27-org.apache.pdfbox.filter.DecodeOptions,12,177,1,18,16
2.0.27-org.apache.pdfbox.filter.DecodeOptions.FinalDecodeOptions,1,40,1,9,7
2.0.27-org.apache.pdfbox.filter.DecodeResult,17,43,1,6,5
2.0.27-org.apache.pdfbox.filter.Filter,30,137,2.17,28,13
2.0.27-org.apache.pdfbox.filter.FilterFactory,21,73,1.25,10,5
2.0.27-org.apache.pdfbox.filter.FlateFilter,6,101,2.67,27,8
2.0.27-org.apache.pdfbox.filter.IdentityFilter,5,25,1,5,2
2.0.27-org.apache.pdfbox.filter.JBIG2Filter,8,116,3,47,12
2.0.27-org.apache.pdfbox.filter.JPXFilter,9,148,4,50,16
2.0.27-org.apache.pdfbox.filter.LZWFilter,7,251,4,31,28
2.0.27-org.apache.pdfbox.filter.MissingImageReaderException,3,16,1,2,1
2.0.27-org.apache.pdfbox.filter.Predictor,7,217,5.83,11,35
2.0.27-org.apache.pdfbox.filter.Predictor.PredictorOutputStream,2,106,1.57,16,11
2.0.27-org.apache.pdfbox.filter.RunLengthDecodeFilter,5,57,4,9,8
2.0.27-org.apache.pdfbox.filter.TIFFExtension,0,0,0,0,0
2.0.27-org.apache.pdfbox.io.IOUtils,110,113,1.83,13,11
2.0.27-org.apache.pdfbox.io.MemoryUsageSetting,10,234,1.76,17,30
2.0.27-org.apache.pdfbox.io.RandomAccess,0,0,0,0,0
2.0.27-org.apache.pdfbox.io.RandomAccessBuffer,9,468,2.15,37,56
2.0.27-org.apache.pdfbox.io.RandomAccessBufferedFileInputStream,8,293,1.81,39,38
2.0.27-org.apache.pdfbox.io.RandomAccessFile,5,140,1.11,33,21
2.0.27-org.apache.pdfbox.io.RandomAccessInputStream,4,90,1.83,14,11
2.0.27-org.apache.pdfbox.io.RandomAccessOutputStream,5,35,1,7,4
2.0.27-org.apache.pdfbox.io.RandomAccessRead,0,0,0,12,0
2.0.27-org.apache.pdfbox.io.RandomAccessWrite,0,0,0,4,0
2.0.27-org.apache.pdfbox.io.ScratchFile,14,451,3.85,59,50
2.0.27-org.apache.pdfbox.io.ScratchFileBuffer,4,442,2.23,37,49
2.0.27-org.apache.pdfbox.io.SequentialRead,0,0,0,3,0
2.0.27-org.apache.pdfbox.multipdf.LayerUtility,23,249,2.88,84,23
2.0.27-org.apache.pdfbox.multipdf.Overlay,17,653,2.58,121,93
2.0.27-org.apache.pdfbox.multipdf.Overlay.LayoutPage,4,17,1,1,1
2.0.27-org.apache.pdfbox.multipdf.Overlay.Position,2,7,0,2,0
2.0.27-org.apache.pdfbox.multipdf.PDFCloneUtility,13,262,7.6,39,38
2.0.27-org.apache.pdfbox.multipdf.PDFMergerUtility,54,"1,449",4.28,241,201
2.0.27-org.apache.pdfbox.multipdf.PDFMergerUtility.AcroFormMergeMode,2,20,0,2,0
2.0.27-org.apache.pdfbox.multipdf.PDFMergerUtility.DocumentMergeMode,1,20,0,2,0
2.0.27-org.apache.pdfbox.multipdf.PageExtractor,6,95,1.29,22,9
2.0.27-org.apache.pdfbox.multipdf.Splitter,16,265,2.29,52,32
2.0.27-org.apache.pdfbox.pdfparser.BaseParser,21,"1,263",3.71,100,156
2.0.27-org.apache.pdfbox.pdfparser.COSParser,34,"2,835",5.87,231,364
2.0.27-org.apache.pdfbox.pdfparser.EndstreamOutputStream,2,113,5,7,15
2.0.27-org.apache.pdfbox.pdfparser.FDFParser,11,145,2.14,29,15
2.0.27-org.apache.pdfbox.pdfparser.InputStreamSource,6,112,1.42,21,17
2.0.27-org.apache.pdfbox.pdfparser.PDFObjectStreamParser,13,118,2.8,30,14
2.0.27-org.apache.pdfbox.pdfparser.PDFParser,14,192,1.8,37,18
2.0.27-org.apache.pdfbox.pdfparser.PDFStreamParser,29,393,4.91,59,54
2.0.27-org.apache.pdfbox.pdfparser.PDFXRef,0,0,0,1,0
2.0.27-org.apache.pdfbox.pdfparser.PDFXRefStream,16,277,3.27,45,36
2.0.27-org.apache.pdfbox.pdfparser.PDFXRefStream.FreeReference,1,9,0,0,0
2.0.27-org.apache.pdfbox.pdfparser.PDFXRefStream.NormalReference,1,9,0,0,0
2.0.27-org.apache.pdfbox.pdfparser.PDFXRefStream.ObjectStreamReference,1,9,0,0,0
2.0.27-org.apache.pdfbox.pdfparser.PDFXrefStreamParser,13,128,3.6,25,18
2.0.27-org.apache.pdfbox.pdfparser.PDFXrefStreamParser.ObjectNumbers,5,65,2.5,12,10
2.0.27-org.apache.pdfbox.pdfparser.RandomAccessSource,6,71,1,21,12
2.0.27-org.apache.pdfbox.pdfparser.SequentialSource,0,0,0,10,0
2.0.27-org.apache.pdfbox.pdfparser.XrefTrailerResolver,10,270,2.54,44,33
2.0.27-org.apache.pdfbox.pdfparser.XrefTrailerResolver.XRefType,4,14,0,2,0
2.0.27-org.apache.pdfbox.pdfparser.XrefTrailerResolver.XrefTrailerObj,4,20,1,4,2
2.0.27-org.apache.pdfbox.pdfwriter.COSStandardOutputStream,1,145,1.09,15,12
2.0.27-org.apache.pdfbox.pdfwriter.COSWriter,41,"1,343",2.9,183,148
2.0.27-org.apache.pdfbox.pdfwriter.COSWriterXRefEntry,5,133,1.27,13,14
2.0.27-org.apache.pdfbox.pdfwriter.ContentStreamWriter,16,165,3.67,25,22
2.0.27-org.apache.pdfbox.pdmodel.DefaultResourceCache,10,128,1.5,19,21
2.0.27-org.apache.pdfbox.pdmodel.MissingResourceException,4,10,1,2,1
2.0.27-org.apache.pdfbox.pdmodel.PDAbstractContentStream,51,"1,455",1.96,157,163
2.0.27-org.apache.pdfbox.pdmodel.PDAppearanceContentStream,33,245,3.3,33,33
2.0.27-org.apache.pdfbox.pdmodel.PDDestinationNameTreeNode,8,42,1.25,8,5
2.0.27-org.apache.pdfbox.pdmodel.PDDocument,337,"1,582",1.97,220,140
2.0.27-org.apache.pdfbox.pdmodel.PDDocumentCatalog,126,569,1.7,99,75
2.0.27-org.apache.pdfbox.pdmodel.PDDocumentInformation,19,264,1.08,40,27
2.0.27-org.apache.pdfbox.pdmodel.PDDocumentNameDestinationDictionary,9,57,2,7,6
2.0.27-org.apache.pdfbox.pdmodel.PDDocumentNameDictionary,17,138,1.56,17,14
2.0.27-org.apache.pdfbox.pdmodel.PDEmbeddedFilesNameTreeNode,13,34,1,7,4
2.0.27-org.apache.pdfbox.pdmodel.PDFormContentStream,5,18,1,5,1
2.0.27-org.apache.pdfbox.pdmodel.PDJavascriptNameTreeNode,6,38,1.25,8,5
2.0.27-org.apache.pdfbox.pdmodel.PDPage,150,717,1.88,104,92
2.0.27-org.apache.pdfbox.pdmodel.PDPageContentStream,87,"2,365",1.84,232,245
2.0.27-org.apache.pdfbox.pdmodel.PDPageContentStream.AppendMode,22,26,1,4,2
2.0.27-org.apache.pdfbox.pdmodel.PDPageTree,26,426,2.76,58,58
2.0.27-org.apache.pdfbox.pdmodel.PDPageTree.PageIterator,6,68,2.4,23,12
2.0.27-org.apache.pdfbox.pdmodel.PDPageTree.SearchContext,3,15,1,3,2
2.0.27-org.apache.pdfbox.pdmodel.PDPatternContentStream,4,18,1,5,1
2.0.27-org.apache.pdfbox.pdmodel.PDResources,106,748,2.24,93,101
2.0.27-org.apache.pdfbox.pdmodel.PDStructureElementNameTreeNode,6,34,1,6,4
2.0.27-org.apache.pdfbox.pdmodel.PageLayout,2,50,1.67,7,5
2.0.27-org.apache.pdfbox.pdmodel.PageMode,7,45,1.67,7,5
2.0.27-org.apache.pdfbox.pdmodel.ResourceCache,0,0,0,14,0
2.0.27-org.apache.pdfbox.pdmodel.common.COSArrayList,42,663,2.17,100,87
2.0.27-org.apache.pdfbox.pdmodel.common.COSDictionaryMap,12,218,1.56,50,28
2.0.27-org.apache.pdfbox.pdmodel.common.COSObjectable,0,0,0,1,0
2.0.27-org.apache.pdfbox.pdmodel.common.PDDestinationOrAction,0,0,0,0,0
2.0.27-org.apache.pdfbox.pdmodel.common.PDDictionaryWrapper,18,52,1.4,8,7
2.0.27-org.apache.pdfbox.pdmodel.common.PDMetadata,17,68,1,14,5
2.0.27-org.apache.pdfbox.pdmodel.common.PDNameTreeNode,25,345,2.38,53,38
2.0.27-org.apache.pdfbox.pdmodel.common.PDNumberTreeNode,13,306,2.64,52,37
2.0.27-org.apache.pdfbox.pdmodel.common.PDObjectStream,6,102,1.11,19,10
2.0.27-org.apache.pdfbox.pdmodel.common.PDPageLabelRange,6,147,1.33,18,12
2.0.27-org.apache.pdfbox.pdmodel.common.PDPageLabels,15,239,2,41,26
2.0.27-org.apache.pdfbox.pdmodel.common.PDPageLabels.LabelGenerator,2,131,2.71,24,19
2.0.27-org.apache.pdfbox.pdmodel.common.PDPageLabels.LabelHandler,0,0,0,1,0
2.0.27-org.apache.pdfbox.pdmodel.common.PDRange,17,108,1,16,10
2.0.27-org.apache.pdfbox.pdmodel.common.PDRectangle,109,295,1,45,22
2.0.27-org.apache.pdfbox.pdmodel.common.PDStream,87,481,1.56,83,50
2.0.27-org.apache.pdfbox.pdmodel.common.PDTypedDictionaryWrapper,3,39,1,8,3
2.0.27-org.apache.pdfbox.pdmodel.common.filespecification.PDComplexFileSpecification,14,403,1.73,40,52
2.0.27-org.apache.pdfbox.pdmodel.common.filespecification.PDEmbeddedFile,13,233,1.45,36,29
2.0.27-org.apache.pdfbox.pdmodel.common.filespecification.PDFileSpecification,16,51,4,6,4
2.0.27-org.apache.pdfbox.pdmodel.common.filespecification.PDSimpleFileSpecification,4,56,1,7,5
2.0.27-org.apache.pdfbox.pdmodel.common.function.PDFunction,25,327,2.24,38,38
2.0.27-org.apache.pdfbox.pdmodel.common.function.PDFunctionType0,9,236,1.85,43,24
2.0.27-org.apache.pdfbox.pdmodel.common.function.PDFunctionType0.Rinterpol,5,174,3.6,19,18
2.0.27-org.apache.pdfbox.pdmodel.common.function.PDFunctionType2,10,122,1.71,20,12
2.0.27-org.apache.pdfbox.pdmodel.common.function.PDFunctionType3,7,148,2.43,24,17
2.0.27-org.apache.pdfbox.pdmodel.common.function.PDFunctionType4,10,66,2,22,6
2.0.27-org.apache.pdfbox.pdmodel.common.function.PDFunctionTypeIdentity,4,38,1,7,5
2.0.27-org.apache.pdfbox.pdmodel.common.function.type4.ArithmeticOperators,0,11,1,1,1
2.0.27-org.apache.pdfbox.pdmodel.common.function.type4.ArithmeticOperators.Abs,3,16,2,8,2
2.0.27-org.apache.pdfbox.pdmodel.common.function.type4.ArithmeticOperators.Add,3,26,3,6,3
2.0.27-org.apache.pdfbox.pdmodel.common.function.type4.ArithmeticOperators.Atan,3,16,2,6,2
2.0.27-org.apache.pdfbox.pdmodel.common.function.type4.ArithmeticOperators.Ceiling,3,16,2,6,2
2.0.27-org.apache.pdfbox.pdmodel.common.function.type4.ArithmeticOperators.Cos,3,10,1,6,1
2.0.27-org.apache.pdfbox.pdmodel.common.function.type4.ArithmeticOperators.Cvi,3,9,1,5,1
2.0.27-org.apache.pdfbox.pdmodel.common.function.type4.ArithmeticOperators.Cvr,3,9,1,5,1
2.0.27-org.apache.pdfbox.pdmodel.common.function.type4.ArithmeticOperators.Div,3,10,1,5,1
2.0.27-org.apache.pdfbox.pdmodel.common.function.type4.ArithmeticOperators.Exp,3,11,1,6,1
2.0.27-org.apache.pdfbox.pdmodel.common.function.type4.ArithmeticOperators.Floor,3,16,2,6,2
2.0.27-org.apache.pdfbox.pdmodel.common.function.type4.ArithmeticOperators.IDiv,3,10,1,4,1
2.0.27-org.apache.pdfbox.pdmodel.common.function.type4.ArithmeticOperators.Ln,3,9,1,6,1
2.0.27-org.apache.pdfbox.pdmodel.common.function.type4.ArithmeticOperators.Log,3,9,1,6,1
2.0.27-org.apache.pdfbox.pdmodel.common.function.type4.ArithmeticOperators.Mod,3,10,1,4,1
2.0.27-org.apache.pdfbox.pdmodel.common.function.type4.ArithmeticOperators.Mul,3,26,3,6,3
2.0.27-org.apache.pdfbox.pdmodel.common.function.type4.ArithmeticOperators.Neg,3,24,3,6,3
2.0.27-org.apache.pdfbox.pdmodel.common.function.type4.ArithmeticOperators.Round,3,16,2,7,2
2.0.27-org.apache.pdfbox.pdmodel.common.function.type4.ArithmeticOperators.Sin,3,10,1,6,1
2.0.27-org.apache.pdfbox.pdmodel.common.function.type4.ArithmeticOperators.Sqrt,3,13,2,6,2
2.0.27-org.apache.pdfbox.pdmodel.common.function.type4.ArithmeticOperators.Sub,3,27,3,6,3
2.0.27-org.apache.pdfbox.pdmodel.common.function.type4.ArithmeticOperators.Truncate,3,16,2,6,2
2.0.27-org.apache.pdfbox.pdmodel.common.function.type4.BitwiseOperators,0,11,1,1,1
2.0.27-org.apache.pdfbox.pdmodel.common.function.type4.BitwiseOperators.AbstractLogicalOperator,5,30,3,7,3
2.0.27-org.apache.pdfbox.pdmodel.common.function.type4.BitwiseOperators.And,2,14,1,2,2
2.0.27-org.apache.pdfbox.pdmodel.common.function.type4.BitwiseOperators.Bitshift,3,20,2,5,2
2.0.27-org.apache.pdfbox.pdmodel.common.function.type4.BitwiseOperators.False,3,9,1,3,1
2.0.27-org.apache.pdfbox.pdmodel.common.function.type4.BitwiseOperators.Not,3,25,3,5,3
2.0.27-org.apache.pdfbox.pdmodel.common.function.type4.BitwiseOperators.Or,2,14,1,2,2
2.0.27-org.apache.pdfbox.pdmodel.common.function.type4.BitwiseOperators.True,3,9,1,3,1
2.0.27-org.apache.pdfbox.pdmodel.common.function.type4.BitwiseOperators.Xor,2,14,1,2,2
2.0.27-org.apache.pdfbox.pdmodel.common.function.type4.ConditionalOperators,0,11,1,1,1
2.0.27-org.apache.pdfbox.pdmodel.common.function.type4.ConditionalOperators.If,4,14,2,4,2
2.0.27-org.apache.pdfbox.pdmodel.common.function.type4.ConditionalOperators.IfElse,4,19,2,4,2
2.0.27-org.apache.pdfbox.pdmodel.common.function.type4.ExecutionContext,42,60,1,9,6
2.0.27-org.apache.pdfbox.pdmodel.common.function.type4.InstructionSequence,8,82,1.67,17,10
2.0.27-org.apache.pdfbox.pdmodel.common.function.type4.InstructionSequenceBuilder,6,95,1.62,26,13
2.0.27-org.apache.pdfbox.pdmodel.common.function.type4.Operator,0,0,0,1,0
2.0.27-org.apache.pdfbox.pdmodel.common.function.type4.Operators,47,110,1,5,2
2.0.27-org.apache.pdfbox.pdmodel.common.function.type4.Parser,3,23,1,4,2
2.0.27-org.apache.pdfbox.pdmodel.common.function.type4.Parser.AbstractSyntaxHandler,2,24,1,3,3
2.0.27-org.apache.pdfbox.pdmodel.common.function.type4.Parser.State,1,5,0,2,0
2.0.27-org.apache.pdfbox.pdmodel.common.function.type4.Parser.SyntaxHandler,0,0,0,4,0
2.0.27-org.apache.pdfbox.pdmodel.common.function.type4.Parser.Tokenizer,3,192,3.09,20,34
2.0.27-org.apache.pdfbox.pdmodel.common.function.type4.RelationalOperators,0,11,1,1,1
2.0.27-org.apache.pdfbox.pdmodel.common.function.type4.RelationalOperators.AbstractNumberComparisonOperator,6,15,1,5,1
2.0.27-org.apache.pdfbox.pdmodel.common.function.type4.RelationalOperators.Eq,4,27,1.5,7,3
2.0.27-org.apache.pdfbox.pdmodel.common.function.type4.RelationalOperators.Ge,2,9,1,2,1
2.0.27-org.apache.pdfbox.pdmodel.common.function.type4.RelationalOperators.Gt,2,9,1,2,1
2.0.27-org.apache.pdfbox.pdmodel.common.function.type4.RelationalOperators.Le,2,9,1,2,1
2.0.27-org.apache.pdfbox.pdmodel.common.function.type4.RelationalOperators.Lt,2,9,1,2,1
2.0.27-org.apache.pdfbox.pdmodel.common.function.type4.RelationalOperators.Ne,2,10,1,2,1
2.0.27-org.apache.pdfbox.pdmodel.common.function.type4.StackOperators,0,11,1,1,1
2.0.27-org.apache.pdfbox.pdmodel.common.function.type4.StackOperators.Copy,3,17,2,8,2
2.0.27-org.apache.pdfbox.pdmodel.common.function.type4.StackOperators.Dup,3,9,1,4,1
2.0.27-org.apache.pdfbox.pdmodel.common.function.type4.StackOperators.Exch,3,12,1,4,1
2.0.27-org.apache.pdfbox.pdmodel.common.function.type4.StackOperators.Index,3,15,2,8,2
2.0.27-org.apache.pdfbox.pdmodel.common.function.type4.StackOperators.Pop,3,9,1,3,1
2.0.27-org.apache.pdfbox.pdmodel.common.function.type4.StackOperators.Roll,3,50,8,8,8
2.0.27-org.apache.pdfbox.pdmodel.documentinterchange.logicalstructure.PDAttributeObject,15,196,1.93,35,27
2.0.27-org.apache.pdfbox.pdmodel.documentinterchange.logicalstructure.PDDefaultAttributeObject,5,96,1.71,28,12
2.0.27-org.apache.pdfbox.pdmodel.documentinterchange.logicalstructure.PDMarkInfo,4,94,1,12,9
2.0.27-org.apache.pdfbox.pdmodel.documentinterchange.logicalstructure.PDMarkedContentReference,6,81,1.12,15,9
2.0.27-org.apache.pdfbox.pdmodel.documentinterchange.logicalstructure.PDObjectReference,10,105,1.67,13,10
2.0.27-org.apache.pdfbox.pdmodel.documentinterchange.logicalstructure.PDParentTreeValue,6,28,1,6,4
2.0.27-org.apache.pdfbox.pdmodel.documentinterchange.logicalstructure.PDStructureElement,21,678,2.05,98,90
2.0.27-org.apache.pdfbox.pdmodel.documentinterchange.logicalstructure.PDStructureNode,14,364,2.83,45,51
2.0.27-org.apache.pdfbox.pdmodel.documentinterchange.logicalstructure.PDStructureTreeRoot,15,178,1.54,32,20
2.0.27-org.apache.pdfbox.pdmodel.documentinterchange.logicalstructure.PDUserAttributeObject,6,97,1.38,23,11
2.0.27-org.apache.pdfbox.pdmodel.documentinterchange.logicalstructure.PDUserProperty,5,183,1.6,30,24
2.0.27-org.apache.pdfbox.pdmodel.documentinterchange.logicalstructure.Revisions,2,106,1.56,20,14
2.0.27-org.apache.pdfbox.pdmodel.documentinterchange.markedcontent.PDMarkedContent,8,154,1.5,22,21
2.0.27-org.apache.pdfbox.pdmodel.documentinterchange.markedcontent.PDPropertyList,16,53,1.5,9,6
2.0.27-org.apache.pdfbox.pdmodel.documentinterchange.prepress.PDBoxStyle,8,155,1.36,24,15
2.0.27-org.apache.pdfbox.pdmodel.documentinterchange.taggedpdf.PDArtifactMarkedContent,5,110,1.44,17,13
2.0.27-org.apache.pdfbox.pdmodel.documentinterchange.taggedpdf.PDExportFormatAttributeObject,6,226,1.4,33,21
2.0.27-org.apache.pdfbox.pdmodel.documentinterchange.taggedpdf.PDFourColours,7,144,1.31,20,17
2.0.27-org.apache.pdfbox.pdmodel.documentinterchange.taggedpdf.PDLayoutAttributeObject,10,"1,562",1.44,129,135
2.0.27-org.apache.pdfbox.pdmodel.documentinterchange.taggedpdf.PDListAttributeObject,4,107,1.2,14,6
2.0.27-org.apache.pdfbox.pdmodel.documentinterchange.taggedpdf.PDPrintFieldAttributeObject,3,142,1.33,21,12
2.0.27-org.apache.pdfbox.pdmodel.documentinterchange.taggedpdf.PDStandardAttributeObject,16,391,1.88,54,47
2.0.27-org.apache.pdfbox.pdmodel.documentinterchange.taggedpdf.PDTableAttributeObject,4,181,1.38,30,18
2.0.27-org.apache.pdfbox.pdmodel.documentinterchange.taggedpdf.StandardStructureTypes,0,242,3,11,3
2.0.27-org.apache.pdfbox.pdmodel.encryption.AccessPermission,17,438,1.47,30,44
2.0.27-org.apache.pdfbox.pdmodel.encryption.DecryptionMaterial,6,10,0,0,0
2.0.27-org.apache.pdfbox.pdmodel.encryption.InvalidPasswordException,3,15,1,2,1
2.0.27-org.apache.pdfbox.pdmodel.encryption.MessageDigests,3,55,1,6,4
2.0.27-org.apache.pdfbox.pdmodel.encryption.PDCryptFilterDictionary,8,113,1.1,17,11
2.0.27-org.apache.pdfbox.pdmodel.encryption.PDEncryption,19,563,1.3,66,57
2.0.27-org.apache.pdfbox.pdmodel.encryption.PDEncryptionDictionary,2,22,1,4,2
2.0.27-org.apache.pdfbox.pdmodel.encryption.ProtectionPolicy,10,64,1.25,5,5
2.0.27-org.apache.pdfbox.pdmodel.encryption.PublicKeyDecryptionMaterial,3,101,2,13,8
2.0.27-org.apache.pdfbox.pdmodel.encryption.PublicKeyProtectionPolicy,6,96,1,12,7
2.0.27-org.apache.pdfbox.pdmodel.encryption.PublicKeyRecipient,5,49,1,4,4
2.0.27-org.apache.pdfbox.pdmodel.encryption.PublicKeySecurityHandler,20,433,4.22,141,38
2.0.27-org.apache.pdfbox.pdmodel.encryption.RC4Cipher,2,133,1.88,11,15
2.0.27-org.apache.pdfbox.pdmodel.encryption.SaslPrep,1,301,1.56,26,25
2.0.27-org.apache.pdfbox.pdmodel.encryption.SecurityHandler,24,686,2,95,66
2.0.27-org.apache.pdfbox.pdmodel.encryption.SecurityHandlerFactory,8,120,1.6,14,8
2.0.27-org.apache.pdfbox.pdmodel.encryption.SecurityProvider,9,61,1.33,7,4
2.0.27-org.apache.pdfbox.pdmodel.encryption.StandardDecryptionMaterial,3,32,1,2,2
2.0.27-org.apache.pdfbox.pdmodel.encryption.StandardProtectionPolicy,6,88,1,7,7
2.0.27-org.apache.pdfbox.pdmodel.encryption.StandardSecurityHandler,21,"1,062",3.52,147,109
2.0.27-org.apache.pdfbox.pdmodel.fdf.FDFAnnotation,33,915,2.2,145,121
2.0.27-org.apache.pdfbox.pdmodel.fdf.FDFAnnotationCaret,7,116,1.62,28,13
2.0.27-org.apache.pdfbox.pdmodel.fdf.FDFAnnotationCircle,7,129,1.88,36,15
2.0.27-org.apache.pdfbox.pdmodel.fdf.FDFAnnotationFileAttachment,4,41,1,7,3
2.0.27-org.apache.pdfbox.pdmodel.fdf.FDFAnnotationFreeText,8,258,1.53,51,29
2.0.27-org.apache.pdfbox.pdmodel.fdf.FDFAnnotationHighlight,5,41,1,7,3
2.0.27-org.apache.pdfbox.pdmodel.fdf.FDFAnnotationInk,7,115,2.4,29,12
2.0.27-org.apache.pdfbox.pdmodel.fdf.FDFAnnotationLine,8,414,2.12,59,53
2.0.27-org.apache.pdfbox.pdmodel.fdf.FDFAnnotationLink,5,61,1.67,19,5
2.0.27-org.apache.pdfbox.pdmodel.fdf.FDFAnnotationPolygon,6,136,1.88,34,15
2.0.27-org.apache.pdfbox.pdmodel.fdf.FDFAnnotationPolyline,7,228,2.15,43,28
2.0.27-org.apache.pdfbox.pdmodel.fdf.FDFAnnotationSound,4,41,1,7,3
2.0.27-org.apache.pdfbox.pdmodel.fdf.FDFAnnotationSquare,7,130,1.88,36,15
2.0.27-org.apache.pdfbox.pdmodel.fdf.FDFAnnotationSquiggly,5,41,1,7,3
2.0.27-org.apache.pdfbox.pdmodel.fdf.FDFAnnotationStamp,11,354,6.43,55,45
2.0.27-org.apache.pdfbox.pdmodel.fdf.FDFAnnotationStrikeOut,5,41,1,7,3
2.0.27-org.apache.pdfbox.pdmodel.fdf.FDFAnnotationText,5,113,1.33,18,12
2.0.27-org.apache.pdfbox.pdmodel.fdf.FDFAnnotationTextMarkup,9,83,1.8,18,9
2.0.27-org.apache.pdfbox.pdmodel.fdf.FDFAnnotationUnderline,5,41,1,7,3
2.0.27-org.apache.pdfbox.pdmodel.fdf.FDFCatalog,9,129,1.18,21,13
2.0.27-org.apache.pdfbox.pdmodel.fdf.FDFDictionary,34,504,2.52,86,68
2.0.27-org.apache.pdfbox.pdmodel.fdf.FDFDocument,15,291,1.2,56,24
2.0.27-org.apache.pdfbox.pdmodel.fdf.FDFField,26,740,2.19,94,103
2.0.27-org.apache.pdfbox.pdmodel.fdf.FDFIconFit,6,161,1.27,22,14
2.0.27-org.apache.pdfbox.pdmodel.fdf.FDFJavaScript,11,142,2.11,28,19
2.0.27-org.apache.pdfbox.pdmodel.fdf.FDFNamedPageReference,6,73,1,13,7
2.0.27-org.apache.pdfbox.pdmodel.fdf.FDFOptionElement,5,83,1,14,8
2.0.27-org.apache.pdfbox.pdmodel.fdf.FDFPage,8,88,1.43,20,10
2.0.27-org.apache.pdfbox.pdmodel.fdf.FDFPageInfo,3,35,1,4,3
2.0.27-org.apache.pdfbox.pdmodel.fdf.FDFTemplate,8,106,1.33,23,12
2.0.27-org.apache.pdfbox.pdmodel.fdf.XMLUtil,1,39,1,5,3
2.0.27-org.apache.pdfbox.pdmodel.fixup.AbstractFixup,4,8,1,1,1
2.0.27-org.apache.pdfbox.pdmodel.fixup.AcroFormDefaultFixup,9,31,2,14,4
2.0.27-org.apache.pdfbox.pdmodel.fixup.PDDocumentFixup,0,0,0,1,0
2.0.27-org.apache.pdfbox.pdmodel.fixup.processor.AbstractProcessor,5,8,1,1,1
2.0.27-org.apache.pdfbox.pdmodel.fixup.processor.AcroFormDefaultsProcessor,9,83,3,20,9
2.0.27-org.apache.pdfbox.pdmodel.fixup.processor.AcroFormGenerateAppearancesProcessor,5,40,1.5,11,3
2.0.27-org.apache.pdfbox.pdmodel.fixup.processor.AcroFormOrphanWidgetsProcessor,22,194,4,46,28
2.0.27-org.apache.pdfbox.pdmodel.fixup.processor.PDDocumentProcessor,0,0,0,1,0
2.0.27-org.apache.pdfbox.pdmodel.font.CIDFontMapping,7,29,1,5,3
2.0.27-org.apache.pdfbox.pdmodel.font.CIDSystemInfo,4,34,1,5,5
2.0.27-org.apache.pdfbox.pdmodel.font.CMapManager,4,45,1.67,11,5
2.0.27-org.apache.pdfbox.pdmodel.font.FileSystemFontProvider,25,504,4.54,116,59
2.0.27-org.apache.pdfbox.pdmodel.font.FileSystemFontProvider.FSFontInfo,16,228,1.88,40,30
2.0.27-org.apache.pdfbox.pdmodel.font.FileSystemFontProvider.FSIgnored,3,10,1,2,1
2.0.27-org.apache.pdfbox.pdmodel.font.FontCache,5,26,1.5,7,3
2.0.27-org.apache.pdfbox.pdmodel.font.FontFormat,5,20,0,2,0
2.0.27-org.apache.pdfbox.pdmodel.font.FontInfo,10,90,5,14,15
2.0.27-org.apache.pdfbox.pdmodel.font.FontMapper,0,0,0,3,0
2.0.27-org.apache.pdfbox.pdmodel.font.FontMapperImpl,21,645,4.24,92,89
2.0.27-org.apache.pdfbox.pdmodel.font.FontMapperImpl.DefaultFontProvider,3,5,0,1,0
2.0.27-org.apache.pdfbox.pdmodel.font.FontMapperImpl.FontMatch,2,17,1,3,2
2.0.27-org.apache.pdfbox.pdmodel.font.FontMappers,8,30,1.33,3,4
2.0.27-org.apache.pdfbox.pdmodel.font.FontMappers.DefaultFontMapper,3,5,0,1,0
2.0.27-org.apache.pdfbox.pdmodel.font.FontMapping,10,30,1,3,3
2.0.27-org.apache.pdfbox.pdmodel.font.FontProvider,4,17,0,2,0
2.0.27-org.apache.pdfbox.pdmodel.font.PDCIDFont,27,361,2.78,40,50
2.0.27-org.apache.pdfbox.pdmodel.font.PDCIDFontType0,32,392,2.68,82,51
2.0.27-org.apache.pdfbox.pdmodel.font.PDCIDFontType0.FF3ByteSource,5,8,1,4,1
2.0.27-org.apache.pdfbox.pdmodel.font.PDCIDFontType2,36,369,3.19,84,51
2.0.27-org.apache.pdfbox.pdmodel.font.PDCIDFontType2Embedder,23,569,4.5,74,72
2.0.27-org.apache.pdfbox.pdmodel.font.PDCIDFontType2Embedder.State,1,4,0,2,0
2.0.27-org.apache.pdfbox.pdmodel.font.PDCIDSystemInfo,8,42,1,12,7
2.0.27-org.apache.pdfbox.pdmodel.font.PDFont,101,543,2.21,95,62
2.0.27-org.apache.pdfbox.pdmodel.font.PDFontDescriptor,46,763,1.29,90,90
2.0.27-org.apache.pdfbox.pdmodel.font.PDFontFactory,19,125,3.6,23,18
2.0.27-org.apache.pdfbox.pdmodel.font.PDFontLike,0,0,0,12,0
2.0.27-org.apache.pdfbox.pdmodel.font.PDMMType1Font,3,17,1,2,1
2.0.27-org.apache.pdfbox.pdmodel.font.PDPanose,4,38,1,5,3
2.0.27-org.apache.pdfbox.pdmodel.font.PDPanoseClassification,6,75,1,13,13
2.0.27-org.apache.pdfbox.pdmodel.font.PDSimpleFont,37,367,2.79,64,53
2.0.27-org.apache.pdfbox.pdmodel.font.PDTrueTypeFont,46,600,3.19,106,86
2.0.27-org.apache.pdfbox.pdmodel.font.PDTrueTypeFontEmbedder,14,82,1.75,32,7
2.0.27-org.apache.pdfbox.pdmodel.font.PDType0Font,44,543,1.72,116,74
2.0.27-org.apache.pdfbox.pdmodel.font.PDType1CFont,27,344,2.27,90,50
2.0.27-org.apache.pdfbox.pdmodel.font.PDType1CFont.FF3ByteSource,5,8,1,4,1
2.0.27-org.apache.pdfbox.pdmodel.font.PDType1Font,65,583,2.81,109,73
2.0.27-org.apache.pdfbox.pdmodel.font.PDType1FontEmbedder,19,125,1.5,65,9
2.0.27-org.apache.pdfbox.pdmodel.font.PDType3CharProc,20,144,1.91,34,21
2.0.27-org.apache.pdfbox.pdmodel.font.PDType3Font,33,337,2.27,82,59
2.0.27-org.apache.pdfbox.pdmodel.font.PDVectorFont,0,0,0,2,0
2.0.27-org.apache.pdfbox.pdmodel.font.Standard14Fonts,7,183,1.5,21,12
2.0.27-org.apache.pdfbox.pdmodel.font.Subsetter,0,0,0,2,0
2.0.27-org.apache.pdfbox.pdmodel.font.ToUnicodeWriter,5,172,2.38,33,19
2.0.27-org.apache.pdfbox.pdmodel.font.TrueTypeEmbedder,24,318,3.09,105,34
2.0.27-org.apache.pdfbox.pdmodel.font.UniUtil,4,27,3,5,6
2.0.27-org.apache.pdfbox.pdmodel.font.encoding.BuiltInEncoding,3,30,1.33,8,4
2.0.27-org.apache.pdfbox.pdmodel.font.encoding.DictionaryEncoding,10,150,2.38,24,19
2.0.27-org.apache.pdfbox.pdmodel.font.encoding.Encoding,32,144,2,16,16
2.0.27-org.apache.pdfbox.pdmodel.font.encoding.GlyphList,20,261,3.22,41,29
2.0.27-org.apache.pdfbox.pdmodel.font.encoding.MacExpertEncoding,4,200,1.33,5,4
2.0.27-org.apache.pdfbox.pdmodel.font.encoding.MacOSRomanEncoding,4,52,1.5,5,3
2.0.27-org.apache.pdfbox.pdmodel.font.encoding.MacRomanEncoding,9,248,1.33,5,4
2.0.27-org.apache.pdfbox.pdmodel.font.encoding.StandardEncoding,8,188,1.33,5,4
2.0.27-org.apache.pdfbox.pdmodel.font.encoding.SymbolEncoding,5,224,1.33,6,4
2.0.27-org.apache.pdfbox.pdmodel.font.encoding.Type1Encoding,9,50,1.4,13,7
2.0.27-org.apache.pdfbox.pdmodel.font.encoding.WinAnsiEncoding,12,267,2,6,6
2.0.27-org.apache.pdfbox.pdmodel.font.encoding.ZapfDingbatsEncoding,5,223,1.33,6,4
2.0.27-org.apache.pdfbox.pdmodel.graphics.PDFontSetting,9,81,1.14,16,8
2.0.27-org.apache.pdfbox.pdmodel.graphics.PDLineDashPattern,14,61,1,13,6
2.0.27-org.apache.pdfbox.pdmodel.graphics.PDPostScriptXObject,5,17,1,2,1
2.0.27-org.apache.pdfbox.pdmodel.graphics.PDXObject,51,126,1.88,26,15
2.0.27-org.apache.pdfbox.pdmodel.graphics.blend.BlendComposite,3,54,2,7,6
2.0.27-org.apache.pdfbox.pdmodel.graphics.blend.BlendComposite.BlendCompositeContext,4,155,7.33,26,22
2.0.27-org.apache.pdfbox.pdmodel.graphics.blend.BlendMode,15,373,1.92,18,46
2.0.27-org.apache.pdfbox.pdmodel.graphics.blend.NonSeparableBlendMode,2,12,1,2,1
2.0.27-org.apache.pdfbox.pdmodel.graphics.blend.SeparableBlendMode,2,12,1,2,1
2.0.27-org.apache.pdfbox.pdmodel.graphics.color.PDCIEBasedColorSpace,4,56,1.67,11,5
2.0.27-org.apache.pdfbox.pdmodel.graphics.color.PDCIEDictionaryBasedColorSpace,11,127,1.75,22,14
2.0.27-org.apache.pdfbox.pdmodel.graphics.color.PDCalGray,9,99,1.33,23,12
2.0.27-org.apache.pdfbox.pdmodel.graphics.color.PDCalRGB,9,154,1.45,29,16
2.0.27-org.apache.pdfbox.pdmodel.graphics.color.PDColor,69,174,1.5,27,18
2.0.27-org.apache.pdfbox.pdmodel.graphics.color.PDColorSpace,82,322,5.57,54,39
2.0.27-org.apache.pdfbox.pdmodel.graphics.color.PDDeviceCMYK,18,157,1.73,35,19
2.0.27-org.apache.pdfbox.pdmodel.graphics.color.PDDeviceColorSpace,7,18,1,4,2
2.0.27-org.apache.pdfbox.pdmodel.graphics.color.PDDeviceGray,27,68,1.25,16,10
2.0.27-org.apache.pdfbox.pdmodel.graphics.color.PDDeviceN,18,500,2.5,78,60
2.0.27-org.apache.pdfbox.pdmodel.graphics.color.PDDeviceNAttributes,9,125,1.75,30,14
2.0.27-org.apache.pdfbox.pdmodel.graphics.color.PDDeviceNProcess,8,85,1.67,19,10
2.0.27-org.apache.pdfbox.pdmodel.graphics.color.PDDeviceRGB,35,64,1,14,8
2.0.27-org.apache.pdfbox.pdmodel.graphics.color.PDGamma,9,92,1,16,10
2.0.27-org.apache.pdfbox.pdmodel.graphics.color.PDICCBased,32,558,2.55,98,74
2.0.27-org.apache.pdfbox.pdmodel.graphics.color.PDIndexed,21,260,1.83,53,33
2.0.27-org.apache.pdfbox.pdmodel.graphics.color.PDJPXColorSpace,5,65,1.11,15,10
2.0.27-org.apache.pdfbox.pdmodel.graphics.color.PDLab,10,209,1.5,37,24
2.0.27-org.apache.pdfbox.pdmodel.graphics.color.PDOutputIntent,11,73,1,26,13
2.0.27-org.apache.pdfbox.pdmodel.graphics.color.PDPattern,16,103,1.08,21,13
2.0.27-org.apache.pdfbox.pdmodel.graphics.color.PDSeparation,19,242,1.71,49,29
2.0.27-org.apache.pdfbox.pdmodel.graphics.color.PDSpecialColorSpace,6,13,1,1,1
2.0.27-org.apache.pdfbox.pdmodel.graphics.color.PDTristimulus,8,95,1.1,16,11
2.0.27-org.apache.pdfbox.pdmodel.graphics.form.PDFormXObject,70,219,1.42,45,27
2.0.27-org.apache.pdfbox.pdmodel.graphics.form.PDTransparencyGroup,14,33,1,6,3
2.0.27-org.apache.pdfbox.pdmodel.graphics.form.PDTransparencyGroupAttributes,8,72,1.14,13,8
2.0.27-org.apache.pdfbox.pdmodel.graphics.image.CCITTFactory,15,456,4.46,49,58
2.0.27-org.apache.pdfbox.pdmodel.graphics.image.JPEGFactory,17,372,3.07,81,43
2.0.27-org.apache.pdfbox.pdmodel.graphics.image.JPEGFactory.Dimensions,1,6,0,0,0
2.0.27-org.apache.pdfbox.pdmodel.graphics.image.LosslessFactory,19,199,4.67,33,28
2.0.27-org.apache.pdfbox.pdmodel.graphics.image.LosslessFactory.PredictorEncoder,15,413,4.17,54,50
2.0.27-org.apache.pdfbox.pdmodel.graphics.image.PDImage,0,0,0,24,0
2.0.27-org.apache.pdfbox.pdmodel.graphics.image.PDImageXObject,58,912,2.43,155,114
2.0.27-org.apache.pdfbox.pdmodel.graphics.image.PDInlineImage,20,346,1.69,69,54
2.0.27-org.apache.pdfbox.pdmodel.graphics.image.PNGConverter,23,728,5.53,66,105
2.0.27-org.apache.pdfbox.pdmodel.graphics.image.PNGConverter.Chunk,3,38,1,2,1
2.0.27-org.apache.pdfbox.pdmodel.graphics.image.PNGConverter.MultipleInputStream,1,57,2.75,9,11
2.0.27-org.apache.pdfbox.pdmodel.graphics.image.PNGConverter.PNGConverterState,3,18,0,1,0
2.0.27-org.apache.pdfbox.pdmodel.graphics.image.SampledImageReader,10,695,6.58,75,79
2.0.27-org.apache.pdfbox.pdmodel.graphics.optionalcontent.PDOptionalContentGroup,12,79,2.5,17,15
2.0.27-org.apache.pdfbox.pdmodel.graphics.optionalcontent.PDOptionalContentGroup.RenderState,3,39,1.33,7,4
2.0.27-org.apache.pdfbox.pdmodel.graphics.optionalcontent.PDOptionalContentMembershipDictionary,6,88,2,22,12
2.0.27-org.apache.pdfbox.pdmodel.graphics.optionalcontent.PDOptionalContentProperties,15,342,2.82,39,48
2.0.27-org.apache.pdfbox.pdmodel.graphics.optionalcontent.PDOptionalContentProperties.BaseState,3,38,1.33,7,4
2.0.27-org.apache.pdfbox.pdmodel.graphics.pattern.PDAbstractPattern,20,121,1.4,26,14
2.0.27-org.apache.pdfbox.pdmodel.graphics.pattern.PDShadingPattern,7,80,1.57,14,11
2.0.27-org.apache.pdfbox.pdmodel.graphics.pattern.PDTilingPattern,24,189,1.22,37,22
2.0.27-org.apache.pdfbox.pdmodel.graphics.shading.AxialShadingContext,8,242,2.67,41,24
2.0.27-org.apache.pdfbox.pdmodel.graphics.shading.AxialShadingPaint,4,37,1,9,3
2.0.27-org.apache.pdfbox.pdmodel.graphics.shading.CoonsPatch,6,183,2.38,19,19
2.0.27-org.apache.pdfbox.pdmodel.graphics.shading.CoordinateColorPair,4,22,1,2,1
2.0.27-org.apache.pdfbox.pdmodel.graphics.shading.CubicBezierCurve,2,84,1.8,13,9
2.0.27-org.apache.pdfbox.pdmodel.graphics.shading.GouraudShadingContext,6,49,1,11,5
2.0.27-org.apache.pdfbox.pdmodel.graphics.shading.IntPoint,2,45,2.33,7,7
2.0.27-org.apache.pdfbox.pdmodel.graphics.shading.Line,4,106,4.33,8,13
2.0.27-org.apache.pdfbox.pdmodel.graphics.shading.PDMeshBasedShadingType,13,219,5.75,42,23
2.0.27-org.apache.pdfbox.pdmodel.graphics.shading.PDShading,36,384,2.19,50,46
2.0.27-org.apache.pdfbox.pdmodel.graphics.shading.PDShadingType1,8,74,1.29,17,9
2.0.27-org.apache.pdfbox.pdmodel.graphics.shading.PDShadingType2,10,97,1.33,14,12
2.0.27-org.apache.pdfbox.pdmodel.graphics.shading.PDShadingType3,7,25,1,5,3
2.0.27-org.apache.pdfbox.pdmodel.graphics.shading.PDShadingType4,14,163,3.17,34,19
2.0.27-org.apache.pdfbox.pdmodel.graphics.shading.PDShadingType5,12,140,2.43,31,17
2.0.27-org.apache.pdfbox.pdmodel.graphics.shading.PDShadingType6,8,35,1,9,5
2.0.27-org.apache.pdfbox.pdmodel.graphics.shading.PDShadingType7,8,35,1,9,5
2.0.27-org.apache.pdfbox.pdmodel.graphics.shading.PDTriangleBasedShadingType,13,200,1.92,40,23
2.0.27-org.apache.pdfbox.pdmodel.graphics.shading.Patch,9,198,1.78,20,16
2.0.27-org.apache.pdfbox.pdmodel.graphics.shading.PatchMeshesShadingContext,6,53,1.25,11,5
2.0.27-org.apache.pdfbox.pdmodel.graphics.shading.RadialShadingContext,9,324,3.3,44,33
2.0.27-org.apache.pdfbox.pdmodel.graphics.shading.RadialShadingPaint,4,37,1,9,3
2.0.27-org.apache.pdfbox.pdmodel.graphics.shading.ShadedTriangle,11,228,2.09,25,23
2.0.27-org.apache.pdfbox.pdmodel.graphics.shading.ShadingContext,8,83,1.12,14,9
2.0.27-org.apache.pdfbox.pdmodel.graphics.shading.ShadingPaint,9,30,1,3,3
2.0.27-org.apache.pdfbox.pdmodel.graphics.shading.TensorPatch,5,240,3,20,33
2.0.27-org.apache.pdfbox.pdmodel.graphics.shading.TriangleBasedShadingContext,10,165,3.14,35,22
2.0.27-org.apache.pdfbox.pdmodel.graphics.shading.Type1ShadingContext,7,131,2.4,25,12
2.0.27-org.apache.pdfbox.pdmodel.graphics.shading.Type1ShadingPaint,4,36,1,9,3
2.0.27-org.apache.pdfbox.pdmodel.graphics.shading.Type4ShadingContext,5,30,1,8,1
2.0.27-org.apache.pdfbox.pdmodel.graphics.shading.Type4ShadingPaint,4,36,1,9,3
2.0.27-org.apache.pdfbox.pdmodel.graphics.shading.Type5ShadingContext,5,27,1,7,1
2.0.27-org.apache.pdfbox.pdmodel.graphics.shading.Type5ShadingPaint,4,36,1,9,3
2.0.27-org.apache.pdfbox.pdmodel.graphics.shading.Type6ShadingContext,4,24,1,2,1
2.0.27-org.apache.pdfbox.pdmodel.graphics.shading.Type6ShadingPaint,4,39,1,9,3
2.0.27-org.apache.pdfbox.pdmodel.graphics.shading.Type7ShadingContext,4,24,1,2,1
2.0.27-org.apache.pdfbox.pdmodel.graphics.shading.Type7ShadingPaint,4,39,1,9,3
2.0.27-org.apache.pdfbox.pdmodel.graphics.shading.Vertex,4,29,2,8,4
2.0.27-org.apache.pdfbox.pdmodel.graphics.state.PDExtendedGraphicsState,30,636,1.75,102,84
2.0.27-org.apache.pdfbox.pdmodel.graphics.state.PDGraphicsState,48,613,1.08,82,64
2.0.27-org.apache.pdfbox.pdmodel.graphics.state.PDSoftMask,14,139,2.11,15,19
2.0.27-org.apache.pdfbox.pdmodel.graphics.state.PDTextState,19,195,1,21,19
2.0.27-org.apache.pdfbox.pdmodel.graphics.state.RenderingIntent,4,49,1.67,6,5
2.0.27-org.apache.pdfbox.pdmodel.graphics.state.RenderingMode,10,87,1,8,6
2.0.27-org.apache.pdfbox.pdmodel.interactive.action.OpenMode,3,20,0,2,0
2.0.27-org.apache.pdfbox.pdmodel.interactive.action.PDAction,39,121,1.33,22,12
2.0.27-org.apache.pdfbox.pdmodel.interactive.action.PDActionEmbeddedGoTo,13,152,2.1,25,21
2.0.27-org.apache.pdfbox.pdmodel.interactive.action.PDActionFactory,29,89,8.5,18,17
2.0.27-org.apache.pdfbox.pdmodel.interactive.action.PDActionGoTo,16,65,1.75,14,7
2.0.27-org.apache.pdfbox.pdmodel.interactive.action.PDActionHide,6,61,1,12,6
2.0.27-org.apache.pdfbox.pdmodel.interactive.action.PDActionImportData,5,45,1,9,4
2.0.27-org.apache.pdfbox.pdmodel.interactive.action.PDActionJavaScript,16,64,1.4,11,7
2.0.27-org.apache.pdfbox.pdmodel.interactive.action.PDActionLaunch,8,240,1.44,33,26
2.0.27-org.apache.pdfbox.pdmodel.interactive.action.PDActionMovie,4,50,1,8,4
2.0.27-org.apache.pdfbox.pdmodel.interactive.action.PDActionNamed,3,44,1,8,4
2.0.27-org.apache.pdfbox.pdmodel.interactive.action.PDActionRemoteGoTo,9,171,1.58,25,19
2.0.27-org.apache.pdfbox.pdmodel.interactive.action.PDActionResetForm,6,60,1.17,12,7
2.0.27-org.apache.pdfbox.pdmodel.interactive.action.PDActionSound,8,187,1.5,25,21
2.0.27-org.apache.pdfbox.pdmodel.interactive.action.PDActionSubmitForm,7,81,1.12,16,9
2.0.27-org.apache.pdfbox.pdmodel.interactive.action.PDActionThread,6,78,1,14,8
2.0.27-org.apache.pdfbox.pdmodel.interactive.action.PDActionURI,16,115,1.5,19,12
2.0.27-org.apache.pdfbox.pdmodel.interactive.action.PDAdditionalActions,6,53,1,9,5
2.0.27-org.apache.pdfbox.pdmodel.interactive.action.PDAnnotationAdditionalActions,8,309,1.43,29,33
2.0.27-org.apache.pdfbox.pdmodel.interactive.action.PDDocumentCatalogAdditionalActions,5,177,1.38,17,18
2.0.27-org.apache.pdfbox.pdmodel.interactive.action.PDFormFieldAdditionalActions,10,157,1.36,15,15
2.0.27-org.apache.pdfbox.pdmodel.interactive.action.PDPageAdditionalActions,6,95,1.29,13,9
2.0.27-org.apache.pdfbox.pdmodel.interactive.action.PDTargetDirectory,8,238,1.59,32,27
2.0.27-org.apache.pdfbox.pdmodel.interactive.action.PDURIDictionary,3,62,1,8,5
2.0.27-org.apache.pdfbox.pdmodel.interactive.action.PDWindowsLaunchParams,4,121,1,15,11
2.0.27-org.apache.pdfbox.pdmodel.interactive.annotation.AnnotationFilter,0,0,0,1,0
2.0.27-org.apache.pdfbox.pdmodel.interactive.annotation.PDAnnotation,104,768,1.55,108,87
2.0.27-org.apache.pdfbox.pdmodel.interactive.annotation.PDAnnotationFileAttachment,7,93,1,14,7
2.0.27-org.apache.pdfbox.pdmodel.interactive.annotation.PDAnnotationLine,19,416,1.41,56,41
2.0.27-org.apache.pdfbox.pdmodel.interactive.annotation.PDAnnotationLink,21,212,1.29,36,22
2.0.27-org.apache.pdfbox.pdmodel.interactive.annotation.PDAnnotationMarkup,38,799,1.62,108,89
2.0.27-org.apache.pdfbox.pdmodel.interactive.annotation.PDAnnotationPopup,5,74,1,14,6
2.0.27-org.apache.pdfbox.pdmodel.interactive.annotation.PDAnnotationRubberStamp,9,107,1,8,4
2.0.27-org.apache.pdfbox.pdmodel.interactive.annotation.PDAnnotationSquareCircle,20,239,1.39,40,25
2.0.27-org.apache.pdfbox.pdmodel.interactive.annotation.PDAnnotationText,10,198,1.08,25,14
2.0.27-org.apache.pdfbox.pdmodel.interactive.annotation.PDAnnotationTextMarkup,16,142,1.7,25,17
2.0.27-org.apache.pdfbox.pdmodel.interactive.annotation.PDAnnotationUnknown,7,18,1,2,1
2.0.27-org.apache.pdfbox.pdmodel.interactive.annotation.PDAnnotationWidget,49,209,1.46,27,19
2.0.27-org.apache.pdfbox.pdmodel.interactive.annotation.PDAppearanceCharacteristicsDictionary,22,201,1.44,29,26
2.0.27-org.apache.pdfbox.pdmodel.interactive.annotation.PDAppearanceDictionary,26,142,1.25,17,15
2.0.27-org.apache.pdfbox.pdmodel.interactive.annotation.PDAppearanceEntry,19,77,1.57,14,11
2.0.27-org.apache.pdfbox.pdmodel.interactive.annotation.PDAppearanceStream,28,28,1,4,2
2.0.27-org.apache.pdfbox.pdmodel.interactive.annotation.PDBorderEffectDictionary,9,82,1,12,7
2.0.27-org.apache.pdfbox.pdmodel.interactive.annotation.PDBorderStyleDictionary,24,139,1.33,20,12
2.0.27-org.apache.pdfbox.pdmodel.interactive.annotation.PDExternalDataDictionary,4,62,1,10,6
2.0.27-org.apache.pdfbox.pdmodel.interactive.annotation.handlers.AnnotationBorder,14,63,11,12,11
2.0.27-org.apache.pdfbox.pdmodel.interactive.annotation.handlers.CloudyBorder,8,956,3.05,74,116
2.0.27-org.apache.pdfbox.pdmodel.interactive.annotation.handlers.PDAbstractAppearanceHandler,36,465,1.68,82,47
2.0.27-org.apache.pdfbox.pdmodel.interactive.annotation.handlers.PDAppearanceHandler,0,0,0,4,0
2.0.27-org.apache.pdfbox.pdmodel.interactive.annotation.handlers.PDCaretAppearanceHandler,13,82,1.2,38,6
2.0.27-org.apache.pdfbox.pdmodel.interactive.annotation.handlers.PDCircleAppearanceHandler,17,124,1.67,55,10
2.0.27-org.apache.pdfbox.pdmodel.interactive.annotation.handlers.PDFileAttachmentAppearanceHandler,10,93,1,29,6
2.0.27-org.apache.pdfbox.pdmodel.interactive.annotation.handlers.PDFreeTextAppearanceHandler,38,426,7.14,120,50
2.0.27-org.apache.pdfbox.pdmodel.interactive.annotation.handlers.PDHighlightAppearanceHandler,20,198,3.4,52,17
2.0.27-org.apache.pdfbox.pdmodel.interactive.annotation.handlers.PDInkAppearanceHandler,11,112,2.8,38,14
2.0.27-org.apache.pdfbox.pdmodel.interactive.annotation.handlers.PDLineAppearanceHandler,15,280,5.2,70,26
2.0.27-org.apache.pdfbox.pdmodel.interactive.annotation.handlers.PDLinkAppearanceHandler,15,150,3.17,39,19
2.0.27-org.apache.pdfbox.pdmodel.interactive.annotation.handlers.PDPolygonAppearanceHandler,17,180,3.14,59,22
2.0.27-org.apache.pdfbox.pdmodel.interactive.annotation.handlers.PDPolylineAppearanceHandler,17,209,4,59,24
2.0.27-org.apache.pdfbox.pdmodel.interactive.annotation.handlers.PDSoundAppearanceHandler,4,26,1,7,5
2.0.27-org.apache.pdfbox.pdmodel.interactive.annotation.handlers.PDSquareAppearanceHandler,17,102,1.67,51,10
2.0.27-org.apache.pdfbox.pdmodel.interactive.annotation.handlers.PDSquigglyAppearanceHandler,22,148,2.2,66,11
2.0.27-org.apache.pdfbox.pdmodel.interactive.annotation.handlers.PDStrikeoutAppearanceHandler,12,125,2.8,40,14
2.0.27-org.apache.pdfbox.pdmodel.interactive.annotation.handlers.PDTextAppearanceHandler,17,640,2.17,91,50
2.0.27-org.apache.pdfbox.pdmodel.interactive.annotation.handlers.PDUnderlineAppearanceHandler,12,124,2.8,40,14
2.0.27-org.apache.pdfbox.pdmodel.interactive.annotation.layout.AppearanceStyle,4,75,1,6,6
2.0.27-org.apache.pdfbox.pdmodel.interactive.annotation.layout.PlainText,6,61,2,10,6
2.0.27-org.apache.pdfbox.pdmodel.interactive.annotation.layout.PlainText.Line,6,47,1.33,18,8
2.0.27-org.apache.pdfbox.pdmodel.interactive.annotation.layout.PlainText.Paragraph,6,74,2,22,6
2.0.27-org.apache.pdfbox.pdmodel.interactive.annotation.layout.PlainText.TextAttribute,3,22,1,2,1
2.0.27-org.apache.pdfbox.pdmodel.interactive.annotation.layout.PlainText.Word,3,27,1,4,4
2.0.27-org.apache.pdfbox.pdmodel.interactive.annotation.layout.PlainTextFormatter,12,142,6.33,22,19
2.0.27-org.apache.pdfbox.pdmodel.interactive.annotation.layout.PlainTextFormatter.Builder,6,58,1,11,9
2.0.27-org.apache.pdfbox.pdmodel.interactive.annotation.layout.PlainTextFormatter.TextAlign,2,24,1.67,5,5
2.0.27-org.apache.pdfbox.pdmodel.interactive.digitalsignature.COSFilterInputStream,4,88,1.67,18,15
2.0.27-org.apache.pdfbox.pdmodel.interactive.digitalsignature.ExternalSigningSupport,0,0,0,2,0
2.0.27-org.apache.pdfbox.pdmodel.interactive.digitalsignature.PDPropBuild,6,120,1.33,14,12
2.0.27-org.apache.pdfbox.pdmodel.interactive.digitalsignature.PDPropBuildDataDict,6,269,1.14,40,24
2.0.27-org.apache.pdfbox.pdmodel.interactive.digitalsignature.PDSeedValue,10,519,1.53,62,55
2.0.27-org.apache.pdfbox.pdmodel.interactive.digitalsignature.PDSeedValueCertificate,8,571,1.62,73,65
2.0.27-org.apache.pdfbox.pdmodel.interactive.digitalsignature.PDSeedValueMDP,4,59,1.2,10,6
2.0.27-org.apache.pdfbox.pdmodel.interactive.digitalsignature.PDSeedValueTimeStamp,4,72,1.14,13,8
2.0.27-org.apache.pdfbox.pdmodel.interactive.digitalsignature.PDSignature,26,409,1.38,62,40
2.0.27-org.apache.pdfbox.pdmodel.interactive.digitalsignature.SignatureInterface,0,0,0,1,0
2.0.27-org.apache.pdfbox.pdmodel.interactive.digitalsignature.SignatureOptions,11,132,1.27,19,14
2.0.27-org.apache.pdfbox.pdmodel.interactive.digitalsignature.SigningSupport,3,38,1.25,7,5
2.0.27-org.apache.pdfbox.pdmodel.interactive.digitalsignature.visible.PDFTemplateBuilder,0,0,0,31,0
2.0.27-org.apache.pdfbox.pdmodel.interactive.digitalsignature.visible.PDFTemplateCreator,15,119,1,65,4
2.0.27-org.apache.pdfbox.pdmodel.interactive.digitalsignature.visible.PDFTemplateStructure,20,525,1,61,55
2.0.27-org.apache.pdfbox.pdmodel.interactive.digitalsignature.visible.PDVisibleSigBuilder,28,347,1.03,142,34
2.0.27-org.apache.pdfbox.pdmodel.interactive.digitalsignature.visible.PDVisibleSigProperties,6,171,1,20,17
2.0.27-org.apache.pdfbox.pdmodel.interactive.digitalsignature.visible.PDVisibleSignDesigner,9,541,1.11,72,49
2.0.27-org.apache.pdfbox.pdmodel.interactive.documentnavigation.destination.PDDestination,25,74,10,13,10
2.0.27-org.apache.pdfbox.pdmodel.interactive.documentnavigation.destination.PDNamedDestination,9,88,1.43,10,10
2.0.27-org.apache.pdfbox.pdmodel.interactive.documentnavigation.destination.PDPageDestination,26,176,2.3,23,23
2.0.27-org.apache.pdfbox.pdmodel.interactive.documentnavigation.destination.PDPageFitDestination,4,61,1.25,9,5
2.0.27-org.apache.pdfbox.pdmodel.interactive.documentnavigation.destination.PDPageFitHeightDestination,3,88,1.33,14,8
2.0.27-org.apache.pdfbox.pdmodel.interactive.documentnavigation.destination.PDPageFitRectangleDestination,3,139,1.4,16,14
2.0.27-org.apache.pdfbox.pdmodel.interactive.documentnavigation.destination.PDPageFitWidthDestination,5,88,1.33,14,8
2.0.27-org.apache.pdfbox.pdmodel.interactive.documentnavigation.destination.PDPageXYZDestination,7,118,1.5,17,12
2.0.27-org.apache.pdfbox.pdmodel.interactive.documentnavigation.outline.PDDocumentOutline,15,40,1,9,5
2.0.27-org.apache.pdfbox.pdmodel.interactive.documentnavigation.outline.PDOutlineItem,33,338,1.6,63,40
2.0.27-org.apache.pdfbox.pdmodel.interactive.documentnavigation.outline.PDOutlineItemIterator,4,51,2,8,8
2.0.27-org.apache.pdfbox.pdmodel.interactive.documentnavigation.outline.PDOutlineNode,18,271,1.44,41,36
2.0.27-org.apache.pdfbox.pdmodel.interactive.form.AppearanceGeneratorHelper,49,753,3.77,207,98
2.0.27-org.apache.pdfbox.pdmodel.interactive.form.AppearanceStyle,4,75,1,6,6
2.0.27-org.apache.pdfbox.pdmodel.interactive.form.FieldUtils,7,97,2.6,17,13
2.0.27-org.apache.pdfbox.pdmodel.interactive.form.FieldUtils.KeyValue,4,31,1,4,4
2.0.27-org.apache.pdfbox.pdmodel.interactive.form.FieldUtils.KeyValueKeyComparator,2,12,1,2,1
2.0.27-org.apache.pdfbox.pdmodel.interactive.form.FieldUtils.KeyValueValueComparator,2,12,1,2,1
2.0.27-org.apache.pdfbox.pdmodel.interactive.form.PDAcroForm,101,672,2.07,135,85
2.0.27-org.apache.pdfbox.pdmodel.interactive.form.PDButton,23,410,2.29,62,48
2.0.27-org.apache.pdfbox.pdmodel.interactive.form.PDCheckBox,16,89,1.67,19,10
2.0.27-org.apache.pdfbox.pdmodel.interactive.form.PDChoice,19,430,1.56,63,42
2.0.27-org.apache.pdfbox.pdmodel.interactive.form.PDComboBox,10,64,1.2,16,6
2.0.27-org.apache.pdfbox.pdmodel.interactive.form.PDDefaultAppearanceString,21,259,2.33,40,35
2.0.27-org.apache.pdfbox.pdmodel.interactive.form.PDField,67,412,1.8,60,45
2.0.27-org.apache.pdfbox.pdmodel.interactive.form.PDFieldFactory,17,111,3.6,22,18
2.0.27-org.apache.pdfbox.pdmodel.interactive.form.PDFieldTree,3,29,1.5,5,3
2.0.27-org.apache.pdfbox.pdmodel.interactive.form.PDFieldTree.FieldIterator,5,59,2,20,10
2.0.27-org.apache.pdfbox.pdmodel.interactive.form.PDListBox,11,61,1.2,13,6
2.0.27-org.apache.pdfbox.pdmodel.interactive.form.PDNonTerminalField,26,217,1.8,49,27
2.0.27-org.apache.pdfbox.pdmodel.interactive.form.PDPushButton,10,68,1.11,17,10
2.0.27-org.apache.pdfbox.pdmodel.interactive.form.PDRadioButton,15,116,1.83,22,11
2.0.27-org.apache.pdfbox.pdmodel.interactive.form.PDSignatureField,22,196,1.64,43,23
2.0.27-org.apache.pdfbox.pdmodel.interactive.form.PDTerminalField,43,193,2.18,43,24
2.0.27-org.apache.pdfbox.pdmodel.interactive.form.PDTextField,21,220,1,38,24
2.0.27-org.apache.pdfbox.pdmodel.interactive.form.PDVariableText,22,223,1.67,28,20
2.0.27-org.apache.pdfbox.pdmodel.interactive.form.PDXFAResource,7,113,2.75,16,11
2.0.27-org.apache.pdfbox.pdmodel.interactive.form.PlainText,7,69,2.33,11,7
2.0.27-org.apache.pdfbox.pdmodel.interactive.form.PlainText.Line,6,47,1.33,18,8
2.0.27-org.apache.pdfbox.pdmodel.interactive.form.PlainText.Paragraph,7,101,3.33,24,10
2.0.27-org.apache.pdfbox.pdmodel.interactive.form.PlainText.TextAttribute,3,22,1,2,1
2.0.27-org.apache.pdfbox.pdmodel.interactive.form.PlainText.Word,3,27,1,4,4
2.0.27-org.apache.pdfbox.pdmodel.interactive.form.PlainTextFormatter,11,142,6.33,22,19
2.0.27-org.apache.pdfbox.pdmodel.interactive.form.PlainTextFormatter.Builder,6,58,1,11,9
2.0.27-org.apache.pdfbox.pdmodel.interactive.form.PlainTextFormatter.TextAlign,2,24,1.67,5,5
2.0.27-org.apache.pdfbox.pdmodel.interactive.form.ScriptingHandler,0,0,0,4,0
2.0.27-org.apache.pdfbox.pdmodel.interactive.measurement.PDMeasureDictionary,5,66,1,9,6
2.0.27-org.apache.pdfbox.pdmodel.interactive.measurement.PDNumberFormatDictionary,4,273,1.08,37,26
2.0.27-org.apache.pdfbox.pdmodel.interactive.measurement.PDRectlinearMeasureDictionary,5,298,1.95,38,39
2.0.27-org.apache.pdfbox.pdmodel.interactive.measurement.PDViewportDictionary,8,111,1.2,17,12
2.0.27-org.apache.pdfbox.pdmodel.interactive.pagenavigation.PDThread,5,91,1.43,14,10
2.0.27-org.apache.pdfbox.pdmodel.interactive.pagenavigation.PDThreadBead,9,167,1.21,23,17
2.0.27-org.apache.pdfbox.pdmodel.interactive.pagenavigation.PDTransition,14,156,1.06,30,17
2.0.27-org.apache.pdfbox.pdmodel.interactive.pagenavigation.PDTransitionDimension,2,18,0,2,0
2.0.27-org.apache.pdfbox.pdmodel.interactive.pagenavigation.PDTransitionDirection,7,48,1,5,3
2.0.27-org.apache.pdfbox.pdmodel.interactive.pagenavigation.PDTransitionMotion,2,18,0,2,0
2.0.27-org.apache.pdfbox.pdmodel.interactive.pagenavigation.PDTransitionStyle,3,11,0,2,0
2.0.27-org.apache.pdfbox.pdmodel.interactive.viewerpreferences.PDViewerPreferences,12,413,1,42,36
2.0.27-org.apache.pdfbox.pdmodel.interactive.viewerpreferences.PDViewerPreferences.BOUNDARY,1,26,0,2,0
2.0.27-org.apache.pdfbox.pdmodel.interactive.viewerpreferences.PDViewerPreferences.DUPLEX,3,18,0,2,0
2.0.27-org.apache.pdfbox.pdmodel.interactive.viewerpreferences.PDViewerPreferences.NON_FULL_SCREEN_PAGE_MODE,1,22,0,2,0
2.0.27-org.apache.pdfbox.pdmodel.interactive.viewerpreferences.PDViewerPreferences.PRINT_SCALING,1,14,0,2,0
2.0.27-org.apache.pdfbox.pdmodel.interactive.viewerpreferences.PDViewerPreferences.READING_DIRECTION,1,14,0,2,0
2.0.27-org.apache.pdfbox.printing.Orientation,3,14,0,2,0
2.0.27-org.apache.pdfbox.printing.PDFPageable,9,182,1.64,29,18
2.0.27-org.apache.pdfbox.printing.PDFPrintable,10,269,1.77,51,23
2.0.27-org.apache.pdfbox.printing.Scaling,3,16,0,2,0
2.0.27-org.apache.pdfbox.rendering.CIDType0Glyph2D,5,54,1.67,17,5
2.0.27-org.apache.pdfbox.rendering.Glyph2D,0,0,0,2,0
2.0.27-org.apache.pdfbox.rendering.GroupGraphics,1,597,1.18,156,87
2.0.27-org.apache.pdfbox.rendering.ImageType,4,52,1,3,5
2.0.27-org.apache.pdfbox.rendering.PDFRenderer,43,560,1.91,86,61
2.0.27-org.apache.pdfbox.rendering.PageDrawer,66,"1,622",3.56,325,210
2.0.27-org.apache.pdfbox.rendering.PageDrawer.TransparencyGroup,16,246,3.17,74,19
2.0.27-org.apache.pdfbox.rendering.PageDrawerParameters,8,73,1,7,7
2.0.27-org.apache.pdfbox.rendering.RenderDestination,6,12,0,2,0
2.0.27-org.apache.pdfbox.rendering.SoftMask,5,68,1.67,12,5
2.0.27-org.apache.pdfbox.rendering.SoftMask.SoftPaintContext,2,92,2.5,22,10
2.0.27-org.apache.pdfbox.rendering.TTFGlyph2D,11,132,2.29,32,16
2.0.27-org.apache.pdfbox.rendering.TilingPaint,9,182,1.86,53,13
2.0.27-org.apache.pdfbox.rendering.TilingPaintFactory,8,34,2,11,4
2.0.27-org.apache.pdfbox.rendering.TilingPaintFactory.TilingPaintParameter,5,92,4.75,14,19
2.0.27-org.apache.pdfbox.rendering.Type1Glyph2D,6,89,3.5,24,14
2.0.27-org.apache.pdfbox.text.LegacyPDFStreamEngine,46,290,4.6,63,23
2.0.27-org.apache.pdfbox.text.PDFMarkedContentExtractor,12,203,2.4,37,24
2.0.27-org.apache.pdfbox.text.PDFTextStripper,37,"1,782",2.22,227,189
2.0.27-org.apache.pdfbox.text.PDFTextStripper.LineItem,2,28,1,5,5
2.0.27-org.apache.pdfbox.text.PDFTextStripper.PositionWrapper,2,92,1,12,12
2.0.27-org.apache.pdfbox.text.PDFTextStripper.WordWithTextPositions,2,24,1,3,3
2.0.27-org.apache.pdfbox.text.PDFTextStripperByArea,5,127,1.56,34,14
2.0.27-org.apache.pdfbox.text.TextPosition,21,797,2.38,74,88
2.0.27-org.apache.pdfbox.text.TextPositionComparator,2,45,4,7,4
2.0.27-org.apache.pdfbox.util.Charsets,24,21,1,2,1
2.0.27-org.apache.pdfbox.util.DateConverter,6,649,3,54,51
2.0.27-org.apache.pdfbox.util.Hex,16,255,1.46,34,19
2.0.27-org.apache.pdfbox.util.IterativeMergeSort,3,118,3.5,12,14
2.0.27-org.apache.pdfbox.util.Matrix,93,676,1.26,78,59
2.0.27-org.apache.pdfbox.util.NumberFormatUtil,4,134,3.5,7,14
2.0.27-org.apache.pdfbox.util.SmallMap,3,269,2.62,31,42
2.0.27-org.apache.pdfbox.util.SmallMap.SmallMapEntry,1,47,1.33,9,8
2.0.27-org.apache.pdfbox.util.Vector,13,42,1,5,5
2.0.27-org.apache.pdfbox.util.Version,3,34,1,8,2
2.0.27-org.apache.pdfbox.util.XMLUtil,6,86,1.5,22,6
2.0.27-org.apache.pdfbox.util.filetypedetector.ByteTrie,2,86,2.5,9,10
2.0.27-org.apache.pdfbox.util.filetypedetector.ByteTrie.ByteTrieNode,1,20,1.5,4,3
2.0.27-org.apache.pdfbox.util.filetypedetector.FileType,3,38,0,2,0
2.0.27-org.apache.pdfbox.util.filetypedetector.FileTypeDetector,5,83,1.67,13,5
